,colsample_bytree,label_0_acc,label_1_acc,label_2_acc,label_3_acc,label_4_acc,label_5_acc,lambda_l1,lambda_l2,learning_rate,loss,max_bin,max_depth,min_child_samples,min_child_weight,n_estimators,num_class,num_leaves,subsample,subsample_freq,test_acc
0,0.3,0.9672466734902764,0.8040047114252061,0.6505768465720727,0.49560536145902,0.3923154701718908,0.4096648480124708,0.001,0.001,0.015,1.0501058900837434,550,4,20,0,1039,6,13,0.7,2,0.538986516357206
1,0.2,0.9590583418628454,0.8002355712603062,0.6406312160190956,0.507690617446715,0.38245702730030334,0.41247077162899454,0.0001,0.0001,0.015,1.0508037582798873,250,6,60,0,1013,6,19,0.9,3,0.537632625994695
2,0.3,0.9662231320368475,0.8054181389870436,0.6443442514255404,0.506372225884421,0.38157229524772496,0.41356196414653157,0.001,0.001,0.02,1.0505932452826108,550,7,50,0,705,6,17,0.9,3,0.5388759946949602
3,0.2,0.9570112589559877,0.809658421672556,0.6447420766476595,0.503295978905735,0.39054600606673406,0.40311769290724864,0.01,0.001,0.02,1.050608650748671,550,4,10,0,1012,6,13,0.9,2,0.5385444297082228
4,0.2,0.9570112589559877,0.7992932862190812,0.6500464129425806,0.4994506701823775,0.3866279069767442,0.4077942322681216,0.01,0.0001,0.015,1.0505876993523071,550,4,20,0,996,6,14,0.7,3,0.5374392130857648
5,0.3,0.9641760491299898,0.8025912838633686,0.6465985943508819,0.5018677213799165,0.3915571284125379,0.40810600155884647,0.001,0.001,0.02,1.0502851039445513,450,5,60,0,715,6,13,0.7,1,0.5390417771883289
6,0.2,0.9713408393039918,0.8044758539458187,0.6431507757591831,0.501977587343441,0.3859959555106168,0.4146531566640686,0.01,0.0001,0.03,1.0510776504486228,250,4,60,0,1004,6,5,0.7,1,0.5387102122015915
7,0.25,0.9672466734902764,0.8025912838633686,0.6489855456835963,0.4985717424741815,0.3883973710819009,0.4088854247856586,0.001,0.01,0.02,1.0504237953921935,550,4,50,0,991,6,12,0.9,2,0.5382404951370469
8,0.2,0.962128966223132,0.8089517078916372,0.6398355655748574,0.507031421665568,0.3889029322548028,0.4098207326578332,0.0001,0.0001,0.015,1.0506161634221178,550,6,50,0,1170,6,13,0.9,1,0.5393457117595049
9,0.3,0.9662231320368475,0.7952885747938752,0.6585333510144543,0.4950560316413975,0.3889029322548028,0.4054559625876851,0.001,0.001,0.02,1.0513958330205986,550,4,40,0,596,6,10,0.7,1,0.5379641909814323
10,0.3,0.9631525076765609,0.8082449941107185,0.6480572868319852,0.5018677213799165,0.38827098078867545,0.40904130943102107,0.0001,0.01,0.015,1.050189431348638,550,5,50,0,1062,6,13,0.9,3,0.5394286030061892
11,0.25,0.962128966223132,0.809658421672556,0.6402333907969765,0.5075807514831905,0.3789180990899899,0.42026500389711613,0.01,0.01,0.02,1.050368978147675,250,6,40,0,868,6,17,0.8,3,0.5393180813439434
12,0.3,0.9651995905834186,0.8011778563015313,0.6444768598329134,0.5056031641397495,0.39004044489383216,0.40795011691348404,0.01,0.001,0.03,1.0505638992309643,350,5,50,0,480,6,13,0.7,1,0.5390417771883289
13,0.25,0.9651995905834186,0.8047114252061248,0.6459355523140167,0.504614370468029,0.38827098078867545,0.40872954014029617,0.001,0.01,0.02,1.0500398033924356,450,5,20,0,783,6,19,0.9,1,0.5392628205128205
14,0.3,0.9692937563971341,0.8037691401648999,0.6465985943508819,0.5040650406504065,0.38928210313447925,0.4077942322681216,0.001,0.0001,0.03,1.0511768420624443,550,7,30,0,497,6,13,0.8,1,0.5393180813439434
15,0.25,0.9641760491299898,0.8040047114252061,0.6446094682402864,0.505713030103274,0.38549039433771487,0.4088854247856586,0.001,0.001,0.03,1.0507821567490303,350,5,10,0,584,6,17,0.8,1,0.5385720601237842
16,0.25,0.9662231320368475,0.8037691401648999,0.6444768598329134,0.499780268072951,0.3935793731041456,0.40795011691348404,0.0001,0.0001,0.03,1.0502425799697244,350,5,20,0,619,6,11,0.9,1,0.53868258178603
17,0.2,0.962128966223132,0.8051825677267374,0.6407638244264686,0.505493298176225,0.3886501516683519,0.4102883865939205,0.01,0.0001,0.02,1.050910805071016,450,6,50,0,871,6,13,0.9,3,0.538737842617153
18,0.3,0.9641760491299898,0.8040047114252061,0.6516377138310568,0.4963744232036915,0.391051567239636,0.40810600155884647,0.0001,0.01,0.03,1.0498379984750867,250,4,20,0,548,6,15,0.7,1,0.5387654730327144
19,0.2,0.9662231320368475,0.8049469964664311,0.6439464262034214,0.500878927708196,0.3935793731041456,0.41184723304754484,0.01,0.0001,0.02,1.0501766241323438,350,4,50,0,1002,6,11,0.7,1,0.5396772767462422
20,0.2,0.9692937563971341,0.8101295641931684,0.6395703487601114,0.5049439683586026,0.3858695652173913,0.41044427123928295,0.001,0.01,0.03,1.0509736450526017,450,4,20,0,762,6,8,0.8,3,0.5385444297082228
21,0.2,0.9611054247697032,0.8025912838633686,0.6436812093886752,0.5042847725774555,0.38953488372093026,0.41013250194855805,0.001,0.0001,0.015,1.0504261342068748,450,5,30,0,1062,6,17,0.9,1,0.5388759946949602
22,0.3,0.9662231320368475,0.7962308598351001,0.6540246651637713,0.5020874533069655,0.38953488372093026,0.4043647700701481,0.0001,0.0001,0.02,1.0510394301823414,350,5,30,0,595,6,13,0.7,1,0.5388483642793988
23,0.3,0.9692937563971341,0.8037691401648999,0.6513724970163108,0.4965941551307405,0.3899140546006067,0.40795011691348404,0.001,0.0001,0.015,1.050425275087835,350,4,40,0,1174,6,11,0.8,1,0.5385996905393458
24,0.2,0.962128966223132,0.8082449941107185,0.6406312160190956,0.5040650406504065,0.38966127401415573,0.4113795791114575,0.01,0.001,0.03,1.0502483429772627,450,4,40,0,736,6,13,0.7,3,0.5391246684350133
25,0.3,0.9641760491299898,0.8094228504122497,0.6436812093886752,0.504834102395078,0.38485844287158744,0.413717848791894,0.01,0.0001,0.015,1.0502383411496672,350,7,30,0,985,6,21,0.9,3,0.5395114942528736
26,0.25,0.9662231320368475,0.8016489988221437,0.6480572868319852,0.503295978905735,0.38789180990899896,0.40795011691348404,0.001,0.01,0.02,1.05055580033538,450,4,40,0,870,6,11,0.7,2,0.5388207338638373
27,0.3,0.9651995905834186,0.7995288574793875,0.6614507359766609,0.4893430015381235,0.38751263902932254,0.4073265783320343,0.001,0.01,0.015,1.052821921808299,450,4,40,0,1405,6,3,0.7,2,0.537632625994695
28,0.2,0.9631525076765609,0.8054181389870436,0.6444768598329134,0.506372225884421,0.38106673407482305,0.41636788776305533,0.0001,0.001,0.03,1.0507663780622276,250,5,20,0,539,6,17,0.7,1,0.5392075596816976
29,0.2,0.9600818833162743,0.8084805653710248,0.6397029571674844,0.506372225884421,0.3886501516683519,0.41013250194855805,0.0001,0.01,0.03,1.0509114527407264,350,7,20,0,517,6,19,0.7,1,0.5390417771883289
30,0.25,0.9662231320368475,0.805889281507656,0.64739424479512,0.5049439683586026,0.38157229524772496,0.4130943102104443,0.001,0.01,0.015,1.0503610620141268,350,4,50,0,1283,6,13,0.8,2,0.5391246684350133
31,0.25,0.9570112589559877,0.8040047114252061,0.6431507757591831,0.50878927708196,0.3820778564206269,0.41200311769290726,0.001,0.01,0.03,1.05221551916668,550,7,10,0,454,6,17,0.7,2,0.5386549513704686
32,0.2,0.9600818833162743,0.8077738515901061,0.6371833974273969,0.508130081300813,0.3853640040444894,0.4144972720187062,0.0001,0.01,0.02,1.0507451333439677,550,6,50,0,795,6,17,0.7,1,0.5389312555260831
33,0.3,0.9641760491299898,0.800942285041225,0.647261636387747,0.5045045045045045,0.38688068756319516,0.4098207326578332,0.01,0.0001,0.02,1.0507553365691609,250,7,10,0,643,6,15,0.7,1,0.5389312555260831
34,0.25,0.9590583418628454,0.8021201413427562,0.6439464262034214,0.507690617446715,0.3863751263902932,0.4096648480124708,0.0001,0.0001,0.015,1.0506253303169906,250,6,10,0,914,6,19,0.8,1,0.5389036251105217
35,0.2,0.9600818833162743,0.7978798586572439,0.6492507624983423,0.503295978905735,0.3814459049544995,0.41044427123928295,0.001,0.01,0.015,1.0504714350757964,250,4,60,0,1013,6,15,0.7,1,0.5374944739168878
36,0.25,0.9713408393039918,0.8025912838633686,0.6480572868319852,0.5009887936717206,0.3857431749241658,0.4102883865939205,0.001,0.01,0.02,1.0508745515218565,350,4,50,0,1001,6,8,0.7,2,0.538433908045977
37,0.2,0.9641760491299898,0.799057714958775,0.6459355523140167,0.5027466490881125,0.3871334681496461,0.4093530787217459,0.0001,0.001,0.015,1.0505482854431942,350,5,30,0,1014,6,15,0.8,2,0.5379641909814323
38,0.2,0.9559877175025588,0.8028268551236749,0.6439464262034214,0.5088991430454846,0.3768958543983822,0.41652377240841776,0.001,0.01,0.015,1.0508050394706518,450,5,20,0,962,6,21,0.7,2,0.5383510167992926
39,0.25,0.9590583418628454,0.806831566548881,0.6448746850550325,0.501977587343441,0.3880182002022245,0.4107560405300078,0.0001,0.01,0.03,1.050213684699933,250,6,20,0,492,6,19,0.7,2,0.5387654730327144
40,0.3,0.9672466734902764,0.8004711425206125,0.6479246784246121,0.5031861129422105,0.38296258847320525,0.41153546375681993,0.001,0.001,0.02,1.0505659306601551,350,6,40,0,633,6,19,0.8,1,0.5382128647214854
41,0.3,0.9692937563971341,0.8073027090694935,0.6432833841665562,0.5018677213799165,0.3934529828109201,0.40857365549493374,0.01,0.001,0.015,1.0503659248545103,450,6,20,0,962,6,13,0.7,1,0.539539124668435
42,0.3,0.9723643807574207,0.8023557126030624,0.6577377005702162,0.4915403208086135,0.38700707785642063,0.41091192517537023,0.001,0.0001,0.03,1.0522126719556189,550,4,30,0,1033,6,3,0.9,2,0.5384615384615384
43,0.3,0.9692937563971341,0.8054181389870436,0.6448746850550325,0.503295978905735,0.39143073811931245,0.4060795011691348,0.01,0.001,0.03,1.0506942387544804,350,7,50,0,594,6,11,0.9,1,0.5391246684350133
44,0.3,0.9651995905834186,0.8049469964664311,0.6451399018697785,0.5029663810151616,0.3834681496461072,0.4112236944660951,0.001,0.01,0.03,1.0501357411934813,250,6,60,0,531,6,17,0.9,1,0.5381023430592397
45,0.3,0.970317297850563,0.8075382803297998,0.6451399018697785,0.5034058448692595,0.3835945399393327,0.4160561184723305,0.01,0.01,0.03,1.0505778752342796,350,5,50,0,588,6,13,0.8,3,0.539539124668435
46,0.3,0.9662231320368475,0.8023557126030624,0.6496485877204615,0.4968138870577895,0.39004044489383216,0.41153546375681993,0.0001,0.01,0.02,1.0501798272499965,350,4,60,0,985,6,11,0.8,1,0.5387102122015915
47,0.3,0.9631525076765609,0.8,0.6524333642752951,0.501757855416392,0.38511122345803844,0.4093530787217459,0.001,0.0001,0.02,1.0499619932062056,350,5,60,0,703,6,19,0.9,2,0.5387102122015915
48,0.2,0.9611054247697032,0.8040047114252061,0.6414268664633338,0.505493298176225,0.38827098078867545,0.40950896336710835,0.01,0.0001,0.015,1.0506366466743893,550,6,40,0,1013,6,15,0.9,1,0.5384891688771
49,0.25,0.9641760491299898,0.8054181389870436,0.642752950537064,0.5056031641397495,0.3806875631951466,0.41402961808261884,0.001,0.001,0.015,1.050481418090723,350,5,30,0,1113,6,13,0.8,3,0.5381852343059239
50,0.3,0.9651995905834186,0.7957597173144876,0.6529637979047872,0.5,0.3902932254802831,0.40623538581449725,0.0001,0.0001,0.02,1.0510475915527766,550,5,20,0,600,6,11,0.9,1,0.5385167992926614
51,0.3,0.9682702149437052,0.7964664310954064,0.6548203156080096,0.49417710393320147,0.3867542972699697,0.4116913484021824,0.01,0.001,0.015,1.0522385830643892,250,4,50,0,1500,6,4,0.8,1,0.5377984084880637
52,0.25,0.970317297850563,0.8054181389870436,0.6439464262034214,0.5071412876290925,0.3862487360970677,0.41247077162899454,0.0001,0.001,0.02,1.0502093122556484,250,5,50,0,964,6,11,0.8,1,0.5399259504862953
53,0.2,0.9580348004094166,0.799057714958775,0.6450072934624055,0.5040650406504065,0.3916835187057634,0.4060795011691348,0.001,0.0001,0.015,1.0509662430866216,450,6,20,0,907,6,15,0.9,1,0.5383510167992926
54,0.25,0.9692937563971341,0.7995288574793875,0.6493833709057154,0.500659195781147,0.3883973710819009,0.41013250194855805,0.001,0.001,0.03,1.050316895217501,550,4,50,0,602,6,12,0.8,1,0.5387654730327144
55,0.2,0.9600818833162743,0.8063604240282686,0.6358573133536666,0.5113161942430235,0.37980283114256824,0.4177708495713172,0.001,0.001,0.02,1.0512126162202369,350,7,60,0,742,6,19,0.7,3,0.5386549513704686
56,0.2,0.9611054247697032,0.7971731448763251,0.6529637979047872,0.501977587343441,0.38877654196157735,0.40265003897116136,0.0001,0.001,0.015,1.050804912326199,350,4,20,0,865,6,15,0.7,1,0.5381023430592397
57,0.2,0.9631525076765609,0.7997644287396938,0.6487203288688503,0.500219731927049,0.3853640040444894,0.40857365549493374,0.0001,0.001,0.03,1.050702110905022,250,4,20,0,515,6,15,0.8,2,0.5374392130857648
58,0.25,0.9631525076765609,0.8007067137809187,0.6481898952393582,0.504834102395078,0.38435288169868553,0.4127825409197194,0.001,0.001,0.015,1.050286733397466,350,4,50,0,1074,6,15,0.7,3,0.5391246684350133
59,0.25,0.962128966223132,0.8011778563015313,0.6455377270918976,0.505053834322127,0.3894084934277047,0.4077942322681216,0.001,0.001,0.015,1.0506956757857897,550,6,10,0,943,6,15,0.8,2,0.5388759946949602
60,0.2,0.9600818833162743,0.8007067137809187,0.6450072934624055,0.505493298176225,0.38751263902932254,0.41044427123928295,0.001,0.001,0.02,1.0502756417913315,250,5,40,0,808,6,19,0.9,1,0.5388207338638373
61,0.3,0.9651995905834186,0.8098939929328622,0.642752950537064,0.503076246978686,0.390798786653185,0.40950896336710835,0.001,0.001,0.03,1.0501120511541118,450,6,20,0,548,6,15,0.9,3,0.5395114942528736
62,0.25,0.970317297850563,0.8047114252061248,0.6468638111656279,0.5029663810151616,0.3859959555106168,0.40857365549493374,0.0001,0.0001,0.02,1.050483848864334,350,5,30,0,964,6,11,0.9,1,0.5386549513704686
63,0.25,0.9672466734902764,0.8122497055359246,0.6415594748707067,0.5040650406504065,0.38688068756319516,0.41340607950116914,0.01,0.001,0.015,1.0503683063996567,550,5,50,0,1263,6,11,0.8,1,0.5396772767462422
64,0.25,0.9641760491299898,0.8016489988221437,0.6492507624983423,0.4996704021094265,0.38549039433771487,0.41200311769290726,0.0001,0.01,0.03,1.050667738945437,250,4,10,0,584,6,15,0.8,3,0.5382957559681698
65,0.3,0.9651995905834186,0.8089517078916372,0.6428855589444371,0.5045045045045045,0.38814459049544997,0.41340607950116914,0.0001,0.01,0.03,1.0516808422865258,450,7,10,0,526,6,13,0.7,1,0.5398983200707339
66,0.3,0.9651995905834186,0.8042402826855124,0.6465985943508819,0.503515710832784,0.3885237613751264,0.4113795791114575,0.01,0.001,0.03,1.050212274038181,250,6,60,0,589,6,13,0.9,2,0.539594385499558
67,0.25,0.9662231320368475,0.8138987043580683,0.6290942845776423,0.5143924412217095,0.3833417593528817,0.4152766952455183,0.0001,0.001,0.03,1.050750717911613,450,7,40,0,574,6,19,0.7,1,0.5394009725906278
68,0.2,0.9723643807574207,0.7936395759717314,0.6495159793130885,0.498681608437706,0.3957280080889788,0.4045206547155105,0.001,0.001,0.015,1.051564556580611,450,4,40,0,1500,6,5,0.9,1,0.5382957559681698
69,0.25,0.9662231320368475,0.8047114252061248,0.6428855589444371,0.5062623599208965,0.38827098078867545,0.40950896336710835,0.001,0.01,0.02,1.0504331149908974,250,5,10,0,914,6,15,0.9,1,0.5392075596816976
70,0.25,0.9631525076765609,0.8157832744405182,0.6336029704283251,0.5124148538782685,0.3753791708796764,0.420576773187841,0.0001,0.01,0.03,1.0510256417721582,550,7,40,0,572,6,21,0.7,2,0.5391799292661361
71,0.25,0.9600818833162743,0.8037691401648999,0.6431507757591831,0.5099978026807295,0.38549039433771487,0.40950896336710835,0.0001,0.01,0.02,1.050642747633845,550,7,20,0,647,6,17,0.8,3,0.5393180813439434
72,0.25,0.962128966223132,0.814605418138987,0.6316138443177297,0.510327400571303,0.3867542972699697,0.41496492595479345,0.001,0.001,0.03,1.0510011111313147,350,7,50,0,614,6,19,0.7,3,0.5395667550839964
73,0.2,0.9590583418628454,0.8056537102473498,0.6347964460946824,0.5163700285651505,0.37841253791708795,0.4177708495713172,0.01,0.001,0.015,1.051095173217051,350,7,60,0,981,6,21,0.7,3,0.539290450928382
74,0.2,0.9651995905834186,0.8054181389870436,0.6440790346107943,0.5036255767963085,0.3885237613751264,0.4099766173031956,0.0001,0.01,0.015,1.050331124399871,350,5,40,0,1117,6,15,0.8,3,0.538986516357206
75,0.2,0.9570112589559877,0.8054181389870436,0.6377138310568891,0.5091188749725335,0.3835945399393327,0.41356196414653157,0.001,0.01,0.02,1.0507625891085834,250,6,50,0,808,6,21,0.9,1,0.5383786472148541
76,0.25,0.9600818833162743,0.8065959952885748,0.6412942580559607,0.506811689738519,0.38296258847320525,0.4130943102104443,0.001,0.0001,0.015,1.050422632100636,350,7,40,0,944,6,21,0.9,3,0.5385444297082228
77,0.2,0.9600818833162743,0.8082449941107185,0.6353268797241746,0.5075807514831905,0.38650151668351873,0.41356196414653157,0.0001,0.001,0.015,1.0509634642633912,450,7,60,0,1049,6,17,0.8,2,0.5385444297082228
78,0.25,0.9723643807574207,0.8030624263839812,0.6465985943508819,0.499560536145902,0.3899140546006067,0.4113795791114575,0.01,0.01,0.02,1.0510578983288965,250,4,40,0,1396,6,5,0.8,1,0.5389588859416445
79,0.2,0.9631525076765609,0.808716136631331,0.64301816735181,0.5047242364315535,0.38751263902932254,0.41247077162899454,0.0001,0.0001,0.03,1.0504562173891432,550,4,30,0,695,6,13,0.7,1,0.539594385499558
80,0.3,0.9631525076765609,0.8113074204946996,0.6407638244264686,0.5064820918479455,0.38561678463094035,0.4129384255650818,0.0001,0.001,0.03,1.0502142226726832,350,7,30,0,593,6,21,0.9,1,0.539539124668435
81,0.2,0.9611054247697032,0.7964664310954064,0.6529637979047872,0.503735442759833,0.3859959555106168,0.4059236165237724,0.001,0.001,0.02,1.050611584902393,450,4,10,0,764,6,15,0.8,3,0.538433908045977
82,0.25,0.9600818833162743,0.8065959952885748,0.6414268664633338,0.5082399472643375,0.3853640040444894,0.41044427123928295,0.0001,0.0001,0.03,1.0510997685321737,350,7,40,0,472,6,21,0.8,2,0.538986516357206
83,0.2,0.95496417604913,0.8002355712603062,0.6402333907969765,0.510327400571303,0.3862487360970677,0.4063912704598597,0.01,0.01,0.03,1.0514242937588367,550,6,10,0,473,6,21,0.8,1,0.5378536693191865
84,0.2,0.9662231320368475,0.7971731448763251,0.6503116297573266,0.5040650406504065,0.38877654196157735,0.40467653936087294,0.01,0.0001,0.03,1.0505532685409418,250,4,30,0,549,6,15,0.9,1,0.5385720601237842
85,0.25,0.962128966223132,0.8098939929328622,0.6443442514255404,0.501538123489343,0.3825834175935288,0.4160561184723305,0.0001,0.01,0.03,1.0505993400086355,250,5,30,0,636,6,15,0.7,2,0.538737842617153
86,0.3,0.9672466734902764,0.8070671378091873,0.6436812093886752,0.5007690617446715,0.3866279069767442,0.4162120031176929,0.001,0.0001,0.02,1.0502517757096994,350,5,60,0,931,6,11,0.7,1,0.5391246684350133
87,0.3,0.9641760491299898,0.806831566548881,0.6469964195730009,0.498681608437706,0.391051567239636,0.4084177708495713,0.001,0.0001,0.03,1.0498492472304821,350,6,20,0,495,6,17,0.8,1,0.5387654730327144
88,0.3,0.962128966223132,0.8094228504122497,0.6436812093886752,0.5045045045045045,0.38422649140546006,0.414809041309431,0.001,0.01,0.03,1.049676293260375,450,6,60,0,503,6,21,0.7,3,0.5394286030061892
89,0.2,0.9590583418628454,0.8070671378091873,0.6406312160190956,0.5014282575258185,0.3897876643073812,0.40904130943102107,0.001,0.01,0.03,1.051109143627725,450,5,30,0,569,6,21,0.9,1,0.5378536693191865
90,0.2,0.9590583418628454,0.8,0.6465985943508819,0.504834102395078,0.38561678463094035,0.406858924395947,0.001,0.01,0.015,1.0503341632286782,250,4,10,0,1161,6,15,0.8,3,0.5378260389036251
91,0.2,0.9580348004094166,0.7978798586572439,0.6458029439066437,0.5086794111184355,0.39067239635995954,0.4014029618082619,0.0001,0.001,0.02,1.0514641970660725,350,6,10,0,695,6,13,0.8,1,0.5384891688771
92,0.25,0.970317297850563,0.8035335689045936,0.6479246784246121,0.505493298176225,0.38384732052578363,0.41184723304754484,0.01,0.001,0.03,1.0508189727900892,450,4,10,0,642,6,13,0.8,2,0.5394838638373121
93,0.2,0.962128966223132,0.8122497055359246,0.6387746983158732,0.5067018237749945,0.3853640040444894,0.4106001558846454,0.0001,0.0001,0.03,1.0505422455390572,250,5,40,0,760,6,13,0.9,3,0.5387931034482759
94,0.3,0.970317297850563,0.8023557126030624,0.6485877204614773,0.5001098659635245,0.3921890798786653,0.4074824629773967,0.01,0.001,0.015,1.0500021570972558,250,6,20,0,948,6,15,0.9,1,0.5391799292661361
95,0.3,0.9631525076765609,0.8032979976442874,0.6503116297573266,0.497143484948363,0.38827098078867545,0.41013250194855805,0.001,0.001,0.015,1.0503108125525182,550,4,50,0,980,6,15,0.7,2,0.5383233863837312
96,0.2,0.9611054247697032,0.8011778563015313,0.6444768598329134,0.5031861129422105,0.3889029322548028,0.40857365549493374,0.001,0.001,0.015,1.0503947276901335,450,5,50,0,1014,6,19,0.9,2,0.5381852343059239
97,0.3,0.9600818833162743,0.8082449941107185,0.6467312027582549,0.502417051197539,0.38738624873609706,0.4129384255650818,0.01,0.0001,0.015,1.0502741402809601,350,6,40,0,985,6,19,0.8,1,0.5397049071618037
98,0.3,0.9651995905834186,0.8082449941107185,0.6408964328338417,0.509887936717205,0.38030839231547015,0.41792673421667964,0.001,0.001,0.03,1.05011813584396,250,7,50,0,583,6,17,0.8,1,0.539843059239611
99,0.25,0.9651995905834186,0.8065959952885748,0.6415594748707067,0.5097780707536805,0.3834681496461072,0.4129384255650818,0.001,0.001,0.02,1.050962268665549,550,6,40,0,775,6,13,0.7,1,0.5395667550839964
100,0.25,0.9611054247697032,0.8084805653710248,0.6419573000928259,0.5097780707536805,0.3790444893832154,0.4171473109898675,0.01,0.0001,0.015,1.050081260766004,250,5,50,0,1077,6,19,0.7,3,0.539539124668435
101,0.25,0.9641760491299898,0.7974087161366313,0.6509746717941918,0.501318391562294,0.38953488372093026,0.40327357755261106,0.001,0.01,0.015,1.0504012206844,350,4,10,0,892,6,15,0.7,1,0.5379089301503095
102,0.3,0.9692937563971341,0.8061248527679623,0.6443442514255404,0.5027466490881125,0.3885237613751264,0.41091192517537023,0.001,0.01,0.02,1.0503179967908973,250,7,30,0,878,6,13,0.9,1,0.5391799292661361
103,0.3,0.9651995905834186,0.8084805653710248,0.6419573000928259,0.510766864425401,0.37651668351870576,0.4224473889321902,0.0001,0.01,0.015,1.0500763121751426,250,7,40,0,1001,6,21,0.7,3,0.5402851458885941
104,0.2,0.9580348004094166,0.8084805653710248,0.6386420899085002,0.507251153592617,0.3832153690596562,0.4127825409197194,0.0001,0.0001,0.02,1.050816867277917,550,6,30,0,846,6,15,0.8,3,0.5382681255526083
105,0.25,0.9570112589559877,0.8082449941107185,0.6403659992043496,0.503295978905735,0.3891557128412538,0.40857365549493374,0.001,0.001,0.03,1.0506866563099768,550,6,20,0,496,6,15,0.7,1,0.5381299734748011
106,0.3,0.962128966223132,0.8073027090694935,0.647261636387747,0.5038453087233575,0.3889029322548028,0.40763834762275913,0.0001,0.01,0.015,1.049884778454001,450,5,40,0,984,6,19,0.8,1,0.5395114942528736
107,0.2,0.9590583418628454,0.8002355712603062,0.642487733722318,0.5099978026807295,0.3885237613751264,0.40576773187841,0.0001,0.01,0.015,1.0508786454598051,350,6,10,0,1097,6,13,0.9,1,0.538737842617153
108,0.3,0.9662231320368475,0.805889281507656,0.64739424479512,0.503076246978686,0.3880182002022245,0.41247077162899454,0.001,0.001,0.03,1.0497338174636095,250,5,60,0,565,6,15,0.7,2,0.5399535809018567
109,0.2,0.962128966223132,0.809658421672556,0.6367855722052778,0.507470885519666,0.3877654196157735,0.40763834762275913,0.0001,0.01,0.03,1.0507805314306673,350,7,30,0,616,6,13,0.9,2,0.5382681255526083
110,0.3,0.9651995905834186,0.8021201413427562,0.6530964063121601,0.495385629531971,0.391051567239636,0.4102883865939205,0.001,0.0001,0.015,1.05061249366345,550,4,30,0,990,6,11,0.7,2,0.5390141467727675
111,0.25,0.9682702149437052,0.805889281507656,0.6416920832780798,0.5071412876290925,0.38195146612740144,0.4152766952455183,0.001,0.0001,0.03,1.0505226162601344,250,6,50,0,600,6,13,0.8,3,0.5390141467727675
112,0.25,0.9672466734902764,0.8065959952885748,0.6422225169075719,0.505932762030323,0.38751263902932254,0.41418550272798127,0.001,0.001,0.015,1.0502865661823917,350,6,60,0,1231,6,13,0.7,3,0.5398983200707339
113,0.3,0.970317297850563,0.7988221436984688,0.6505768465720727,0.5007690617446715,0.39193629929221435,0.4067030397505846,0.001,0.0001,0.03,1.0510187606330732,250,5,30,0,498,6,11,0.8,1,0.5391522988505747
114,0.25,0.9611054247697032,0.808716136631331,0.6390399151306193,0.5082399472643375,0.38372093023255816,0.41153546375681993,0.001,0.0001,0.02,1.0504555525084005,450,6,40,0,778,6,19,0.8,2,0.5385996905393458
115,0.2,0.9600818833162743,0.7976442873969376,0.6500464129425806,0.5,0.39332659251769464,0.4053000779423227,0.001,0.01,0.02,1.0504329754848556,550,4,50,0,754,6,15,0.7,2,0.5384891688771
116,0.25,0.9590583418628454,0.8044758539458187,0.6440790346107943,0.5086794111184355,0.3822042467138524,0.41418550272798127,0.01,0.0001,0.015,1.0505698487489752,350,6,40,0,959,6,15,0.7,1,0.5393457117595049
117,0.25,0.9662231320368475,0.8094228504122497,0.6455377270918976,0.503295978905735,0.38561678463094035,0.4146531566640686,0.001,0.01,0.03,1.0506666900864265,450,4,10,0,700,6,10,0.7,2,0.5398983200707339
118,0.2,0.9600818833162743,0.8047114252061248,0.6390399151306193,0.5067018237749945,0.3889029322548028,0.4123148869836321,0.001,0.0001,0.015,1.0504821552570365,250,7,50,0,1013,6,17,0.7,1,0.538986516357206
119,0.25,0.9580348004094166,0.8134275618374558,0.6386420899085002,0.503735442759833,0.3846056622851365,0.41418550272798127,0.01,0.001,0.03,1.0508598558765796,550,7,50,0,510,6,21,0.9,2,0.5385167992926614
120,0.25,0.9733879222108496,0.7941107184923439,0.6546877072006365,0.4994506701823775,0.3857431749241658,0.3990646921278254,0.0001,0.0001,0.03,1.0540176707828333,350,4,10,0,548,6,4,0.7,3,0.5364997789566756
121,0.25,0.9600818833162743,0.8047114252061248,0.6412942580559607,0.507470885519666,0.38485844287158744,0.4091971940763835,0.0001,0.0001,0.02,1.0501276585763413,250,6,60,0,725,6,17,0.7,1,0.5382128647214854
122,0.25,0.9692937563971341,0.8023557126030624,0.6459355523140167,0.5042847725774555,0.39067239635995954,0.40701480904130943,0.001,0.0001,0.015,1.050639186800143,250,6,30,0,1098,6,11,0.9,3,0.5392351900972591
123,0.3,0.9641760491299898,0.8077738515901061,0.642487733722318,0.5047242364315535,0.3894084934277047,0.41153546375681993,0.0001,0.01,0.015,1.0498370889454862,250,7,60,0,1063,6,17,0.8,1,0.5396496463306808
124,0.3,0.9611054247697032,0.8070671378091873,0.6447420766476595,0.5020874533069655,0.3859959555106168,0.40904130943102107,0.0001,0.0001,0.015,1.050287952069308,550,6,50,0,984,6,17,0.9,2,0.5381023430592397
125,0.2,0.962128966223132,0.8061248527679623,0.6386420899085002,0.5034058448692595,0.39016683518705764,0.4106001558846454,0.001,0.001,0.015,1.0506598388701542,450,6,50,0,1063,6,15,0.7,1,0.5382681255526083
126,0.2,0.9682702149437052,0.799057714958775,0.6443442514255404,0.504614370468029,0.3852376137512639,0.4112236944660951,0.001,0.01,0.03,1.0511021610944362,450,6,20,0,539,6,11,0.9,1,0.5381299734748011
127,0.3,0.9713408393039918,0.8073027090694935,0.6454051186845245,0.4981322786200835,0.3880182002022245,0.414809041309431,0.01,0.0001,0.02,1.0503710129194264,450,4,50,0,994,6,10,0.7,3,0.5390141467727675
128,0.3,0.970317297850563,0.7948174322732626,0.6538920567563984,0.500878927708196,0.38751263902932254,0.4060795011691348,0.01,0.001,0.02,1.051426278907278,450,5,40,0,617,6,11,0.8,3,0.5383233863837312
129,0.25,0.962128966223132,0.8054181389870436,0.6422225169075719,0.507690617446715,0.3867542972699697,0.40795011691348404,0.01,0.001,0.015,1.05053077233349,350,6,10,0,1120,6,15,0.9,1,0.5387931034482759
130,0.25,0.970317297850563,0.7976442873969376,0.6526985810900411,0.4994506701823775,0.38814459049544997,0.40904130943102107,0.0001,0.0001,0.02,1.05098496551084,350,4,10,0,811,6,11,0.8,1,0.5387102122015915
131,0.25,0.9631525076765609,0.8047114252061248,0.6455377270918976,0.503295978905735,0.38473205257836196,0.4127825409197194,0.01,0.0001,0.015,1.0505565245073178,450,5,50,0,1008,6,13,0.7,1,0.538737842617153
132,0.3,0.9651995905834186,0.8089517078916372,0.6428855589444371,0.5047242364315535,0.3866279069767442,0.4088854247856586,0.001,0.0001,0.03,1.0507346607859565,550,5,30,0,490,6,15,0.7,1,0.5388207338638373
133,0.2,0.9600818833162743,0.8110718492343933,0.6320116695398488,0.5115359261700725,0.38030839231547015,0.41652377240841776,0.01,0.01,0.03,1.0509798487912754,450,6,60,0,513,6,19,0.7,1,0.5383510167992926
134,0.2,0.9590583418628454,0.79811542991755,0.642355125314945,0.510107668644254,0.3899140546006067,0.4053000779423227,0.01,0.001,0.03,1.0517705062568683,450,7,10,0,476,6,11,0.7,1,0.5387102122015915
135,0.3,0.9662231320368475,0.7974087161366313,0.6553507492375017,0.497143484948363,0.391304347826087,0.4051441932969603,0.0001,0.01,0.02,1.0504410154295993,450,4,20,0,609,6,13,0.9,3,0.5385444297082228
136,0.3,0.9692937563971341,0.8080094228504122,0.642355125314945,0.5009887936717206,0.39332659251769464,0.4077942322681216,0.001,0.01,0.015,1.0503971804245464,450,6,20,0,962,6,13,0.7,1,0.5390417771883289
137,0.3,0.9611054247697032,0.805889281507656,0.6439464262034214,0.5056031641397495,0.3841001011122346,0.41496492595479345,0.01,0.01,0.015,1.0500761253234203,250,6,60,0,934,6,19,0.7,1,0.5393180813439434
138,0.3,0.9600818833162743,0.8110718492343933,0.6451399018697785,0.5031861129422105,0.38688068756319516,0.40857365549493374,0.01,0.001,0.03,1.0503989445397828,550,6,60,0,490,6,21,0.9,3,0.5390141467727675
139,0.3,0.9631525076765609,0.806831566548881,0.6463333775361358,0.499780268072951,0.39016683518705764,0.4096648480124708,0.0001,0.001,0.015,1.050179358059476,550,5,60,0,1059,6,13,0.7,1,0.5389036251105217
140,0.2,0.9518935516888434,0.805889281507656,0.6404986076117226,0.508130081300813,0.391304347826087,0.40576773187841,0.0001,0.001,0.03,1.051560856280151,550,6,10,0,566,6,13,0.9,1,0.5389312555260831
141,0.2,0.9662231320368475,0.8049469964664311,0.6446094682402864,0.5047242364315535,0.38169868554095043,0.4116913484021824,0.01,0.001,0.015,1.0506279131867764,550,4,10,0,1500,6,10,0.8,3,0.5381576038903625
142,0.2,0.9600818833162743,0.8070671378091873,0.6383768730937541,0.510327400571303,0.3852376137512639,0.41247077162899454,0.001,0.0001,0.03,1.050827328939483,350,7,20,0,539,6,21,0.9,1,0.5392628205128205
143,0.2,0.9631525076765609,0.8073027090694935,0.6370507890200239,0.5084596791913865,0.3866279069767442,0.4121590023382697,0.001,0.001,0.02,1.0506981250125793,350,7,30,0,895,6,15,0.9,1,0.5388759946949602
144,0.3,0.9641760491299898,0.8117785630153121,0.6419573000928259,0.5097780707536805,0.3839737108190091,0.413717848791894,0.001,0.0001,0.015,1.050354547725184,450,6,30,0,987,6,17,0.7,1,0.5404785587975243
145,0.3,0.9641760491299898,0.8073027090694935,0.6464659859435088,0.500219731927049,0.3894084934277047,0.41153546375681993,0.01,0.001,0.02,1.0497941818504648,550,5,60,0,842,6,17,0.9,2,0.539290450928382
146,0.25,0.9662231320368475,0.8037691401648999,0.6419573000928259,0.5062623599208965,0.3886501516683519,0.4116913484021824,0.01,0.01,0.03,1.0505165216880883,350,6,60,0,563,6,13,0.8,2,0.5393733421750663
147,0.2,0.9590583418628454,0.8127208480565371,0.6337355788356982,0.509448472863107,0.38561678463094035,0.41496492595479345,0.01,0.001,0.03,1.0507528329348237,250,7,50,0,614,6,19,0.8,1,0.5392351900972591
148,0.2,0.962128966223132,0.8037691401648999,0.6442116430181674,0.4996704021094265,0.391304347826087,0.40872954014029617,0.001,0.0001,0.015,1.050764363626423,550,5,20,0,1298,6,11,0.8,1,0.5381299734748011
149,0.25,0.9662231320368475,0.8,0.6476594616098661,0.5018677213799165,0.391304347826087,0.4059236165237724,0.001,0.001,0.015,1.0504226051088066,250,7,60,0,1112,6,11,0.9,1,0.5385720601237842
150,0.3,0.9651995905834186,0.8082449941107185,0.6458029439066437,0.503295978905735,0.3880182002022245,0.4116913484021824,0.001,0.01,0.015,1.0499395504682374,250,6,50,0,1077,6,17,0.9,1,0.5397877984084881
151,0.3,0.970317297850563,0.8025912838633686,0.6459355523140167,0.4998901340364755,0.3929474216380182,0.4096648480124708,0.01,0.01,0.03,1.0501344873444565,250,6,20,0,590,6,11,0.9,3,0.5391522988505747
152,0.25,0.9662231320368475,0.7974087161366313,0.6530964063121601,0.5005493298176225,0.38814459049544997,0.4053000779423227,0.0001,0.001,0.015,1.0507451613917334,550,4,50,0,990,6,11,0.9,1,0.5382681255526083
153,0.3,0.9651995905834186,0.8032979976442874,0.6508420633868187,0.5001098659635245,0.38928210313447925,0.4099766173031956,0.001,0.01,0.015,1.0502977229651596,550,4,40,0,1013,6,15,0.7,3,0.5394286030061892
154,0.2,0.9682702149437052,0.8016489988221437,0.6578703089775891,0.494726433750824,0.3859959555106168,0.3956352299298519,0.001,0.01,0.03,1.0532447931844673,350,4,10,0,605,6,3,0.8,1,0.5361682139699381
155,0.25,0.9651995905834186,0.7974087161366313,0.6515051054236839,0.5014282575258185,0.390798786653185,0.40717069368667186,0.001,0.0001,0.02,1.0508508673800148,550,4,30,0,715,6,13,0.7,1,0.5390417771883289
156,0.2,0.9590583418628454,0.8007067137809187,0.6407638244264686,0.504174906613931,0.3858695652173913,0.40950896336710835,0.0001,0.001,0.015,1.05077405275622,250,6,30,0,944,6,17,0.7,2,0.5370523872679045
157,0.25,0.9672466734902764,0.7983510011778563,0.6484551120541042,0.502856515051637,0.39143073811931245,0.4063912704598597,0.001,0.0001,0.015,1.0503255013464925,250,5,20,0,1074,6,11,0.9,3,0.5389312555260831
158,0.2,0.9590583418628454,0.8101295641931684,0.6363877469831587,0.508349813227862,0.3832153690596562,0.41636788776305533,0.001,0.001,0.02,1.0507606249013277,450,6,30,0,796,6,17,0.7,2,0.5389312555260831
159,0.25,0.9651995905834186,0.8037691401648999,0.6447420766476595,0.506152493957372,0.3872598584428716,0.4077942322681216,0.001,0.0001,0.02,1.050428243442183,250,6,10,0,802,6,15,0.9,3,0.5389036251105217
160,0.2,0.9672466734902764,0.8061248527679623,0.642355125314945,0.504174906613931,0.3867542972699697,0.40857365549493374,0.001,0.0001,0.03,1.0505432225882998,350,6,20,0,674,6,11,0.9,1,0.5382681255526083
161,0.3,0.970317297850563,0.8091872791519434,0.642487733722318,0.5012085255987695,0.3923154701718908,0.4102883865939205,0.01,0.01,0.02,1.0502902339246072,350,6,20,0,852,6,13,0.7,1,0.5395114942528736
162,0.3,0.9682702149437052,0.8004711425206125,0.6500464129425806,0.4981322786200835,0.39383215369059654,0.4060795011691348,0.001,0.0001,0.02,1.0498918200878449,250,4,50,0,870,6,15,0.8,1,0.5388207338638373
163,0.25,0.9580348004094166,0.8028268551236749,0.6432833841665562,0.5073610195561415,0.38296258847320525,0.41044427123928295,0.001,0.01,0.02,1.050804570839957,550,7,10,0,698,6,19,0.9,1,0.5381299734748011
164,0.2,0.9600818833162743,0.8044758539458187,0.6416920832780798,0.504834102395078,0.38688068756319516,0.4073265783320343,0.0001,0.0001,0.02,1.05067057603757,250,5,10,0,891,6,15,0.8,1,0.5377155172413793
165,0.25,0.962128966223132,0.8054181389870436,0.6469964195730009,0.4987914744012305,0.3925682507583418,0.4073265783320343,0.01,0.01,0.03,1.0501981220753251,450,5,20,0,548,6,15,0.9,2,0.5387102122015915
166,0.25,0.9672466734902764,0.8065959952885748,0.6444768598329134,0.5056031641397495,0.38549039433771487,0.41262665627435696,0.01,0.0001,0.02,1.0500689890814225,250,5,50,0,964,6,15,0.9,1,0.5395667550839964
167,0.3,0.9641760491299898,0.8032979976442874,0.647261636387747,0.5,0.39016683518705764,0.41356196414653157,0.0001,0.01,0.02,1.0502395765413983,250,6,60,0,842,6,11,0.7,2,0.5394562334217506
168,0.3,0.9692937563971341,0.8063604240282686,0.6456703354992707,0.5016479894528675,0.390798786653185,0.4113795791114575,0.01,0.01,0.02,1.0501862283134304,250,7,20,0,836,6,11,0.7,2,0.5397877984084881
169,0.2,0.9662231320368475,0.8025912838633686,0.6401007823896036,0.5056031641397495,0.3925682507583418,0.4082618862042089,0.01,0.0001,0.015,1.0506892339529261,350,6,40,0,1120,6,13,0.7,1,0.5389312555260831
170,0.2,0.9641760491299898,0.7995288574793875,0.6460681607213897,0.5016479894528675,0.38473205257836196,0.41044427123928295,0.01,0.01,0.02,1.0509771572965678,450,4,20,0,850,6,9,0.7,2,0.5374392130857648
171,0.3,0.970317297850563,0.7985865724381626,0.6533616231269063,0.497363216875412,0.3920626895854398,0.40950896336710835,0.001,0.0001,0.02,1.050572440205973,450,4,30,0,713,6,15,0.7,1,0.5393733421750663
172,0.2,0.9570112589559877,0.8065959952885748,0.6370507890200239,0.5091188749725335,0.3832153690596562,0.4116913484021824,0.01,0.01,0.02,1.0506912668666384,250,7,50,0,809,6,17,0.9,1,0.5379641909814323
173,0.2,0.9600818833162743,0.8028268551236749,0.6401007823896036,0.506372225884421,0.38814459049544997,0.40872954014029617,0.0001,0.01,0.02,1.0505970866276317,250,7,40,0,809,6,15,0.8,2,0.5381023430592397
174,0.2,0.9611054247697032,0.8054181389870436,0.6459355523140167,0.504614370468029,0.3839737108190091,0.40872954014029617,0.001,0.001,0.02,1.0505637415411018,550,4,10,0,921,6,13,0.8,3,0.5382957559681698
175,0.25,0.9611054247697032,0.8077738515901061,0.6428855589444371,0.5031861129422105,0.3871334681496461,0.4121590023382697,0.001,0.001,0.02,1.0500629270363395,250,6,60,0,865,6,19,0.8,2,0.5388759946949602
176,0.2,0.9641760491299898,0.8037691401648999,0.6391725235379923,0.509448472863107,0.3834681496461072,0.4098207326578332,0.001,0.001,0.02,1.0505060419884746,350,7,60,0,836,6,15,0.9,1,0.5380747126436781
177,0.3,0.9672466734902764,0.809658421672556,0.6414268664633338,0.510107668644254,0.3762639029322548,0.41808261886204207,0.001,0.0001,0.03,1.0501270048893603,450,5,30,0,595,6,15,0.8,1,0.5393733421750663
178,0.2,0.9651995905834186,0.8084805653710248,0.6366529637979048,0.509228740936058,0.387639029322548,0.4084177708495713,0.01,0.01,0.02,1.050544381799615,550,7,20,0,853,6,13,0.7,3,0.538737842617153
179,0.2,0.9641760491299898,0.793168433451119,0.6533616231269063,0.5009887936717206,0.391304347826087,0.4035853468433359,0.001,0.0001,0.03,1.0513523681409314,450,4,40,0,471,6,11,0.9,1,0.5382681255526083
180,0.3,0.9651995905834186,0.8,0.6467312027582549,0.500878927708196,0.39193629929221435,0.4096648480124708,0.01,0.001,0.02,1.0501093625342175,350,6,20,0,656,6,21,0.9,3,0.5389036251105217
181,0.3,0.9651995905834186,0.8141342756183746,0.6402333907969765,0.5040650406504065,0.384479271991911,0.413717848791894,0.01,0.01,0.03,1.0505664081640103,250,7,30,0,637,6,13,0.7,2,0.5390970380194519
182,0.25,0.9651995905834186,0.8044758539458187,0.6422225169075719,0.5051637002856515,0.3862487360970677,0.41434138737334375,0.001,0.0001,0.02,1.0508641655635114,350,7,40,0,778,6,15,0.8,3,0.5391522988505747
183,0.2,0.9631525076765609,0.8070671378091873,0.6398355655748574,0.5073610195561415,0.39004044489383216,0.4112236944660951,0.001,0.001,0.02,1.0504790682136071,450,5,40,0,1013,6,11,0.8,1,0.5397325375773652
184,0.3,0.970317297850563,0.8047114252061248,0.6468638111656279,0.500439463854098,0.3886501516683519,0.4113795791114575,0.0001,0.0001,0.03,1.0508189151564844,550,7,60,0,537,6,11,0.8,1,0.5390970380194519
185,0.25,0.9600818833162743,0.79811542991755,0.647129027980374,0.5014282575258185,0.38549039433771487,0.4113795791114575,0.01,0.01,0.015,1.0503575462257462,350,6,20,0,821,6,21,0.7,3,0.5376602564102564
186,0.2,0.9651995905834186,0.7962308598351001,0.6516377138310568,0.503076246978686,0.390798786653185,0.40265003897116136,0.001,0.01,0.015,1.0508669567512092,450,4,10,0,993,6,15,0.9,2,0.5385444297082228
187,0.3,0.962128966223132,0.8054181389870436,0.6456703354992707,0.504614370468029,0.38953488372093026,0.40701480904130943,0.0001,0.0001,0.03,1.0508114977149994,450,7,10,0,453,6,19,0.9,2,0.5391799292661361
188,0.2,0.962128966223132,0.815547703180212,0.6336029704283251,0.509887936717205,0.3808139534883721,0.41730319563522994,0.0001,0.01,0.03,1.050876907309316,350,7,40,0,679,6,17,0.7,1,0.5390970380194519
189,0.25,0.9713408393039918,0.7959952885747938,0.6516377138310568,0.500878927708196,0.3918099089989889,0.4051441932969603,0.01,0.001,0.03,1.051147641848216,550,4,40,0,600,6,9,0.8,1,0.5387931034482759
190,0.25,0.9611054247697032,0.8082449941107185,0.6412942580559607,0.506811689738519,0.38384732052578363,0.41574434918160563,0.001,0.01,0.02,1.0500746138278896,250,7,20,0,852,6,17,0.9,3,0.5394286030061892
191,0.2,0.970317297850563,0.7934040047114252,0.6512398886089378,0.4990112063282795,0.3930738119312437,0.40483242400623537,0.0001,0.001,0.015,1.0522693819847784,450,4,40,0,1002,6,6,0.8,2,0.5381299734748011
192,0.25,0.9672466734902764,0.8136631330977621,0.6393051319453653,0.507251153592617,0.38283619817997977,0.414809041309431,0.01,0.0001,0.015,1.0504750240350158,350,7,40,0,1271,6,11,0.7,2,0.539539124668435
193,0.3,0.9662231320368475,0.8073027090694935,0.64301816735181,0.504174906613931,0.38827098078867545,0.41200311769290726,0.001,0.001,0.03,1.0503983955324574,450,5,50,0,567,6,17,0.7,1,0.5394562334217506
194,0.25,0.970317297850563,0.8049469964664311,0.6438138177960483,0.505053834322127,0.38650151668351873,0.414809041309431,0.0001,0.01,0.03,1.051425288119303,550,6,10,0,599,6,11,0.8,1,0.5397877984084881
195,0.2,0.9641760491299898,0.8075382803297998,0.637846439464262,0.5067018237749945,0.3863751263902932,0.41091192517537023,0.01,0.0001,0.015,1.050587214992578,450,6,40,0,1056,6,17,0.8,3,0.5383786472148541
196,0.3,0.9692937563971341,0.7955241460541814,0.6524333642752951,0.4963744232036915,0.3923154701718908,0.40623538581449725,0.0001,0.0001,0.03,1.051702128943153,350,4,50,0,497,6,8,0.8,1,0.5380194518125553
197,0.3,0.9662231320368475,0.8004711425206125,0.6462007691287628,0.503735442759833,0.3885237613751264,0.40795011691348404,0.0001,0.01,0.03,1.0509436605026423,350,7,50,0,475,6,11,0.7,1,0.5385444297082228
198,0.25,0.9651995905834186,0.8011778563015313,0.6447420766476595,0.505493298176225,0.3890293225480283,0.406858924395947,0.01,0.001,0.015,1.0511144757977389,350,6,10,0,932,6,13,0.7,1,0.5386549513704686
199,0.25,0.962128966223132,0.8120141342756184,0.6382442646863811,0.5075807514831905,0.3841001011122346,0.4132501948558067,0.0001,0.0001,0.02,1.0503634549464123,250,6,40,0,870,6,19,0.8,2,0.5390694076038903
200,0.25,0.9539406345957011,0.8143698468786807,0.6382442646863811,0.502856515051637,0.38966127401415573,0.4107560405300078,0.001,0.0001,0.03,1.0508250460797643,550,7,20,0,495,6,17,0.7,1,0.5387102122015915
201,0.3,0.9723643807574207,0.8044758539458187,0.6456703354992707,0.498461876510657,0.39459049544994945,0.4091971940763835,0.01,0.01,0.02,1.0515657209766165,450,4,30,0,1173,6,6,0.8,1,0.539290450928382
202,0.2,0.962128966223132,0.8091872791519434,0.6373160058347699,0.503515710832784,0.3867542972699697,0.4113795791114575,0.0001,0.001,0.03,1.0506380960103476,250,7,40,0,603,6,17,0.9,1,0.5377707780725022
203,0.25,0.9641760491299898,0.8070671378091873,0.6447420766476595,0.5080202153372885,0.3806875631951466,0.413717848791894,0.01,0.001,0.015,1.0508438284990584,550,7,50,0,990,6,11,0.7,1,0.5393457117595049
204,0.25,0.9662231320368475,0.7964664310954064,0.652300755867922,0.503955174686882,0.3871334681496461,0.4045206547155105,0.001,0.001,0.03,1.0508300222796838,250,4,30,0,494,6,13,0.9,1,0.5384891688771
205,0.2,0.9611054247697032,0.8014134275618374,0.642620342129691,0.50439463854098,0.38827098078867545,0.4093530787217459,0.001,0.01,0.015,1.0508562366046375,450,5,60,0,1027,6,15,0.9,1,0.5381299734748011
206,0.3,0.9651995905834186,0.7962308598351001,0.6577377005702162,0.4976928147659855,0.38372093023255816,0.401091192517537,0.01,0.0001,0.03,1.054212714791652,350,4,30,0,498,6,4,0.8,1,0.5366379310344828
207,0.25,0.962128966223132,0.8073027090694935,0.6382442646863811,0.509448472863107,0.37967644084934277,0.414809041309431,0.01,0.0001,0.015,1.0504699634288328,350,7,40,0,980,6,19,0.8,3,0.5382957559681698
208,0.2,0.962128966223132,0.8077738515901061,0.6361225301684127,0.5056031641397495,0.3889029322548028,0.41044427123928295,0.0001,0.001,0.015,1.0505958516941003,450,7,50,0,1064,6,17,0.9,1,0.5381852343059239
209,0.2,0.9641760491299898,0.8011778563015313,0.6464659859435088,0.50219731927049,0.3880182002022245,0.4067030397505846,0.001,0.0001,0.02,1.0504587190133803,450,4,60,0,895,6,13,0.9,1,0.5379089301503095
210,0.25,0.9580348004094166,0.8082449941107185,0.6416920832780798,0.507690617446715,0.3832153690596562,0.4112236944660951,0.001,0.01,0.02,1.0504045380736406,550,6,60,0,799,6,19,0.9,1,0.5387102122015915
211,0.3,0.9662231320368475,0.8075382803297998,0.6416920832780798,0.5036255767963085,0.3911779575328615,0.4102883865939205,0.001,0.01,0.015,1.050130580217727,450,6,60,0,1230,6,11,0.8,1,0.5394009725906278
212,0.2,0.9559877175025588,0.8065959952885748,0.637846439464262,0.5095583388266315,0.38561678463094035,0.41091192517537023,0.0001,0.0001,0.02,1.0509650050537713,250,7,10,0,808,6,19,0.9,1,0.5385996905393458
213,0.25,0.962128966223132,0.8051825677267374,0.6431507757591831,0.506372225884421,0.3866279069767442,0.4130943102104443,0.001,0.001,0.015,1.0500680975498018,250,6,60,0,1075,6,17,0.8,1,0.5395114942528736
214,0.2,0.9672466734902764,0.7929328621908127,0.6537594483490253,0.503295978905735,0.38119312436804853,0.40077942322681215,0.001,0.001,0.02,1.053857423477254,250,4,10,0,768,6,4,0.8,1,0.5362787356321839
215,0.25,0.970317297850563,0.8028268551236749,0.6450072934624055,0.503735442759833,0.3899140546006067,0.4107560405300078,0.001,0.0001,0.02,1.0505778725299684,250,5,30,0,964,6,11,0.9,3,0.5394838638373121
216,0.3,0.970317297850563,0.8120141342756184,0.6415594748707067,0.501977587343441,0.39471688574317493,0.40857365549493374,0.001,0.0001,0.015,1.0503933506323848,450,7,20,0,1029,6,13,0.7,1,0.5400641025641025
217,0.25,0.9590583418628454,0.8002355712603062,0.6440790346107943,0.5078004834102395,0.3872598584428716,0.4074824629773967,0.001,0.001,0.015,1.0506901058579268,250,7,10,0,892,6,19,0.9,1,0.5385444297082228
218,0.25,0.9713408393039918,0.8037691401648999,0.6460681607213897,0.5007690617446715,0.3877654196157735,0.4106001558846454,0.01,0.01,0.02,1.051182478552892,450,4,10,0,927,6,9,0.7,1,0.5385996905393458
219,0.25,0.9662231320368475,0.805889281507656,0.64301816735181,0.5014282575258185,0.394211324570273,0.40701480904130943,0.001,0.01,0.03,1.0505788446322966,450,6,60,0,601,6,11,0.9,1,0.5390141467727675
220,0.3,0.9662231320368475,0.799057714958775,0.6533616231269063,0.4974730828389365,0.3899140546006067,0.4073265783320343,0.001,0.001,0.015,1.0499736967907802,250,4,20,0,949,6,13,0.8,1,0.5384891688771
221,0.2,0.9651995905834186,0.8077738515901061,0.6401007823896036,0.505713030103274,0.38473205257836196,0.41434138737334375,0.01,0.01,0.03,1.0507257124805693,350,5,60,0,695,6,13,0.9,1,0.5389036251105217
222,0.25,0.9651995905834186,0.8080094228504122,0.6406312160190956,0.501757855416392,0.3911779575328615,0.4077942322681216,0.001,0.01,0.03,1.0502369194256267,450,5,60,0,659,6,11,0.7,1,0.5382957559681698
223,0.2,0.9590583418628454,0.805889281507656,0.6435486009813022,0.5040650406504065,0.3883973710819009,0.4088854247856586,0.001,0.0001,0.03,1.0506212161970576,550,5,20,0,565,6,13,0.8,3,0.5386549513704686
224,0.3,0.9692937563971341,0.799057714958775,0.6488529372762233,0.502856515051637,0.38827098078867545,0.40857365549493374,0.0001,0.001,0.015,1.0511511537348284,350,7,10,0,932,6,11,0.7,3,0.5388483642793988
225,0.2,0.9600818833162743,0.800942285041225,0.6411616496485877,0.508569545154911,0.38498483316481297,0.4116913484021824,0.0001,0.01,0.015,1.0510749524016587,450,6,60,0,1014,6,13,0.7,3,0.5384891688771
226,0.25,0.9631525076765609,0.8056537102473498,0.6412942580559607,0.509887936717205,0.3782861476238625,0.4177708495713172,0.001,0.0001,0.015,1.0505147930779128,450,6,50,0,964,6,17,0.7,3,0.5390970380194519
227,0.25,0.9682702149437052,0.8061248527679623,0.6418246916854529,0.502636783124588,0.3911779575328615,0.40904130943102107,0.001,0.01,0.03,1.0505209117084064,350,6,60,0,602,6,11,0.7,1,0.5388483642793988
228,0.25,0.9611054247697032,0.8113074204946996,0.6383768730937541,0.5082399472643375,0.38296258847320525,0.413717848791894,0.001,0.01,0.02,1.0502164132814398,250,7,40,0,820,6,19,0.8,1,0.538986516357206
229,0.3,0.9641760491299898,0.7992932862190812,0.6446094682402864,0.509228740936058,0.38384732052578363,0.4102883865939205,0.01,0.0001,0.02,1.0506848635844819,550,7,30,0,595,6,21,0.8,1,0.5387931034482759
230,0.25,0.9631525076765609,0.8028268551236749,0.64739424479512,0.505493298176225,0.38511122345803844,0.41153546375681993,0.0001,0.0001,0.015,1.0509355446619741,450,5,50,0,969,6,11,0.7,2,0.5393180813439434
231,0.2,0.9631525076765609,0.809658421672556,0.6394377403527384,0.510107668644254,0.38738624873609706,0.4054559625876851,0.001,0.001,0.03,1.050972369312217,350,7,10,0,638,6,13,0.9,1,0.5390417771883289
232,0.25,0.9641760491299898,0.8042402826855124,0.6458029439066437,0.5053834322127005,0.3866279069767442,0.40857365549493374,0.001,0.001,0.02,1.0508750021720656,550,6,50,0,783,6,11,0.8,2,0.5389588859416445
233,0.3,0.9662231320368475,0.8082449941107185,0.642752950537064,0.5051637002856515,0.3839737108190091,0.413717848791894,0.001,0.01,0.03,1.0507995292869243,550,7,40,0,451,6,15,0.8,3,0.5391246684350133
234,0.25,0.9559877175025588,0.8014134275618374,0.647261636387747,0.50659195781147,0.38789180990899896,0.4053000779423227,0.001,0.0001,0.015,1.050796184593942,550,5,10,0,900,6,19,0.8,3,0.5387102122015915
235,0.25,0.9600818833162743,0.8061248527679623,0.6435486009813022,0.5051637002856515,0.38511122345803844,0.41402961808261884,0.0001,0.001,0.015,1.0498833932425542,250,5,60,0,1059,6,21,0.7,1,0.5391799292661361
236,0.2,0.9580348004094166,0.8028268551236749,0.6397029571674844,0.5128543177323666,0.37651668351870576,0.4160561184723305,0.001,0.001,0.015,1.051129500103518,250,7,60,0,919,6,21,0.7,1,0.5383510167992926
237,0.25,0.9662231320368475,0.806831566548881,0.6463333775361358,0.499560536145902,0.387639029322548,0.40872954014029617,0.0001,0.001,0.03,1.0503216072182429,250,4,60,0,720,6,13,0.9,1,0.5382128647214854
238,0.3,0.9692937563971341,0.7997644287396938,0.6489855456835963,0.5020874533069655,0.38877654196157735,0.4132501948558067,0.001,0.001,0.02,1.0507947890475602,350,6,30,0,751,6,11,0.7,3,0.5397049071618037
239,0.3,0.9662231320368475,0.79811542991755,0.6546877072006365,0.497363216875412,0.3930738119312437,0.40623538581449725,0.001,0.0001,0.015,1.05033258953253,350,4,20,0,854,6,12,0.8,2,0.5391246684350133
240,0.2,0.9600818833162743,0.8025912838633686,0.6456703354992707,0.502636783124588,0.38511122345803844,0.41013250194855805,0.0001,0.0001,0.02,1.0507580135341965,450,5,20,0,742,6,15,0.7,3,0.537881299734748
241,0.2,0.9651995905834186,0.8115429917550059,0.642355125314945,0.504614370468029,0.3830889787664307,0.41402961808261884,0.001,0.001,0.03,1.051109287133338,550,5,20,0,539,6,13,0.7,1,0.5391246684350133
242,0.2,0.962128966223132,0.8049469964664311,0.6431507757591831,0.5058228960667985,0.38473205257836196,0.41247077162899454,0.0001,0.001,0.02,1.050485054752818,250,5,30,0,963,6,13,0.8,3,0.5388207338638373
243,0.3,0.9641760491299898,0.8120141342756184,0.6438138177960483,0.5009887936717206,0.3899140546006067,0.40872954014029617,0.01,0.0001,0.03,1.0504313601385766,550,5,50,0,634,6,13,0.9,3,0.5390970380194519
244,0.25,0.9641760491299898,0.80188457008245,0.6458029439066437,0.5049439683586026,0.38473205257836196,0.4123148869836321,0.01,0.0001,0.03,1.0506920547280518,550,5,30,0,452,6,17,0.8,3,0.5388207338638373
245,0.25,0.9692937563971341,0.8077738515901061,0.6439464262034214,0.5067018237749945,0.3894084934277047,0.40857365549493374,0.001,0.001,0.02,1.0502284327996871,350,7,50,0,974,6,13,0.9,1,0.5400641025641025
246,0.25,0.9672466734902764,0.8089517078916372,0.6420899085001989,0.507251153592617,0.3835945399393327,0.4116913484021824,0.0001,0.01,0.03,1.050379738918184,350,5,40,0,633,6,17,0.9,1,0.5391799292661361
247,0.25,0.9641760491299898,0.7988221436984688,0.6524333642752951,0.500439463854098,0.38877654196157735,0.40311769290724864,0.01,0.001,0.03,1.051303292063835,450,4,40,0,482,6,11,0.7,2,0.5379641909814323
248,0.25,0.962128966223132,0.8042402826855124,0.6431507757591831,0.507251153592617,0.38612234580384225,0.4113795791114575,0.001,0.01,0.015,1.050480890578955,450,6,30,0,969,6,19,0.9,1,0.5392075596816976
249,0.2,0.9590583418628454,0.8021201413427562,0.6447420766476595,0.504834102395078,0.3853640040444894,0.41091192517537023,0.001,0.001,0.02,1.0504218245638035,250,5,30,0,806,6,21,0.9,3,0.5383510167992926
250,0.25,0.9570112589559877,0.8091872791519434,0.6382442646863811,0.5093386068995825,0.37714863498483314,0.4154325798908807,0.01,0.0001,0.015,1.0504309779710475,550,6,40,0,983,6,21,0.8,3,0.5379089301503095
251,0.2,0.9682702149437052,0.8082449941107185,0.6391725235379923,0.5047242364315535,0.38827098078867545,0.41044427123928295,0.0001,0.001,0.015,1.050294723500763,250,6,40,0,1372,6,13,0.8,1,0.53868258178603
252,0.3,0.9662231320368475,0.7955241460541814,0.6573398753480971,0.4948362997143485,0.39370576339737107,0.40249415432579894,0.0001,0.001,0.02,1.051008493732583,450,4,30,0,595,6,13,0.9,1,0.5382128647214854
253,0.2,0.9590583418628454,0.8021201413427562,0.6442116430181674,0.504834102395078,0.3852376137512639,0.41091192517537023,0.0001,0.0001,0.02,1.0504175723087155,250,5,30,0,806,6,21,0.9,3,0.5382128647214854
254,0.2,0.9631525076765609,0.7985865724381626,0.6469964195730009,0.5060426279938475,0.3859959555106168,0.41044427123928295,0.0001,0.001,0.02,1.0505627272701128,450,4,60,0,838,6,13,0.8,3,0.5388759946949602
255,0.3,0.9631525076765609,0.8037691401648999,0.6489855456835963,0.500219731927049,0.3899140546006067,0.4106001558846454,0.0001,0.001,0.02,1.0503097172164535,550,5,50,0,758,6,21,0.9,1,0.5393180813439434
256,0.25,0.9662231320368475,0.8063604240282686,0.6422225169075719,0.505053834322127,0.3859959555106168,0.41184723304754484,0.0001,0.01,0.015,1.0504134872878885,350,6,40,0,1190,6,11,0.8,1,0.5388759946949602
257,0.2,0.9600818833162743,0.805889281507656,0.6385094815011272,0.5091188749725335,0.3862487360970677,0.41340607950116914,0.0001,0.001,0.03,1.0510288849195177,350,7,20,0,527,6,17,0.8,1,0.5392351900972591
258,0.25,0.9600818833162743,0.8030624263839812,0.6432833841665562,0.5095583388266315,0.3820778564206269,0.41418550272798127,0.01,0.001,0.03,1.0513150872121675,550,6,10,0,560,6,13,0.7,1,0.5392351900972591
259,0.2,0.9600818833162743,0.8014134275618374,0.6440790346107943,0.5067018237749945,0.38751263902932254,0.4077942322681216,0.0001,0.0001,0.02,1.0507952185216667,450,5,10,0,788,6,17,0.9,2,0.5385444297082228
260,0.25,0.9611054247697032,0.8054181389870436,0.6443442514255404,0.5069215557020436,0.3859959555106168,0.41044427123928295,0.0001,0.0001,0.015,1.0504926812495516,550,6,50,0,969,6,17,0.9,1,0.539290450928382
261,0.3,0.9672466734902764,0.8091872791519434,0.6469964195730009,0.500219731927049,0.39067239635995954,0.4098207326578332,0.001,0.0001,0.015,1.0504588381074595,550,5,50,0,1187,6,11,0.9,1,0.5396772767462422
262,0.3,0.9641760491299898,0.8014134275618374,0.6481898952393582,0.5051637002856515,0.3867542972699697,0.4130943102104443,0.001,0.01,0.015,1.0504945114256696,250,7,40,0,967,6,11,0.7,1,0.5398983200707339
263,0.3,0.9672466734902764,0.8129564193168434,0.6416920832780798,0.507470885519666,0.38688068756319516,0.4123148869836321,0.0001,0.001,0.02,1.0505538462979003,450,5,10,0,932,6,13,0.7,1,0.5404509283819628
264,0.3,0.9672466734902764,0.8007067137809187,0.6534942315342793,0.494946165677873,0.39193629929221435,0.4045206547155105,0.001,0.01,0.015,1.0503551135883404,550,4,30,0,990,6,15,0.9,1,0.5380470822281167
265,0.25,0.9631525076765609,0.8014134275618374,0.6443442514255404,0.505493298176225,0.38928210313447925,0.40717069368667186,0.01,0.01,0.015,1.0511220534711956,350,6,10,0,932,6,13,0.7,1,0.5386549513704686
266,0.3,0.9641760491299898,0.8023557126030624,0.6481898952393582,0.502636783124588,0.3891557128412538,0.40717069368667186,0.001,0.0001,0.02,1.0501090167534488,350,6,60,0,674,6,19,0.8,2,0.5388483642793988
267,0.2,0.9570112589559877,0.80188457008245,0.6422225169075719,0.506372225884421,0.3871334681496461,0.4102883865939205,0.0001,0.01,0.03,1.0517593713475424,550,6,10,0,476,6,19,0.7,3,0.5384062776304156
268,0.2,0.970317297850563,0.7976442873969376,0.6578703089775891,0.492748846407383,0.3894084934277047,0.39937646141855027,0.0001,0.001,0.02,1.0531218014512094,450,4,60,0,1040,6,3,0.8,1,0.5366655614500442
269,0.3,0.9651995905834186,0.8030624263839812,0.652565972682668,0.496704021094265,0.3915571284125379,0.4060795011691348,0.01,0.01,0.015,1.0502397284738259,550,4,40,0,1074,6,13,0.8,1,0.5387102122015915
270,0.25,0.9600818833162743,0.8023557126030624,0.6448746850550325,0.506152493957372,0.3852376137512639,0.41044427123928295,0.01,0.0001,0.02,1.050557824447465,250,6,10,0,718,6,19,0.8,1,0.5386549513704686
271,0.3,0.9651995905834186,0.799057714958775,0.6537594483490253,0.494067237969677,0.3915571284125379,0.4051441932969603,0.0001,0.0001,0.03,1.0509594915014304,550,4,30,0,483,6,11,0.7,1,0.5376602564102564
272,0.25,0.9600818833162743,0.8113074204946996,0.6391725235379923,0.5025269171610635,0.3866279069767442,0.41356196414653157,0.0001,0.001,0.03,1.050292349152697,550,5,20,0,634,6,13,0.8,3,0.5384615384615384
273,0.25,0.9713408393039918,0.8047114252061248,0.6451399018697785,0.498681608437706,0.3894084934277047,0.41434138737334375,0.01,0.01,0.02,1.0513875561781711,350,4,30,0,1500,6,5,0.7,1,0.5390141467727675
274,0.2,0.9641760491299898,0.8077738515901061,0.6374486142421429,0.5082399472643375,0.38372093023255816,0.4129384255650818,0.001,0.0001,0.02,1.0506078900132159,250,7,60,0,1029,6,11,0.8,1,0.5384891688771
275,0.3,0.9682702149437052,0.8077738515901061,0.6431507757591831,0.507690617446715,0.3804347826086957,0.4151208106001559,0.0001,0.001,0.02,1.0500323211405267,250,5,50,0,834,6,17,0.7,2,0.5393180813439434
276,0.2,0.9662231320368475,0.8091872791519434,0.6402333907969765,0.5051637002856515,0.3872598584428716,0.4121590023382697,0.0001,0.01,0.02,1.05031033738604,350,5,30,0,1121,6,11,0.8,1,0.5391522988505747
277,0.25,0.962128966223132,0.8007067137809187,0.642620342129691,0.5088991430454846,0.38561678463094035,0.4091971940763835,0.001,0.0001,0.015,1.0511089854663616,450,7,10,0,930,6,13,0.7,3,0.5385996905393458
278,0.25,0.9692937563971341,0.8051825677267374,0.642487733722318,0.504834102395078,0.3852376137512639,0.4129384255650818,0.01,0.01,0.03,1.0504960559745369,250,6,40,0,598,6,13,0.8,3,0.5388483642793988
279,0.2,0.9580348004094166,0.8089517078916372,0.6385094815011272,0.5067018237749945,0.38384732052578363,0.41262665627435696,0.001,0.01,0.02,1.050864656974481,550,6,30,0,846,6,15,0.8,3,0.5382681255526083
280,0.25,0.9692937563971341,0.7995288574793875,0.6500464129425806,0.5025269171610635,0.3923154701718908,0.4060795011691348,0.01,0.01,0.03,1.0506041920286568,250,4,30,0,640,6,10,0.9,1,0.5395114942528736
281,0.3,0.9662231320368475,0.8084805653710248,0.64301816735181,0.5064820918479455,0.3825834175935288,0.41340607950116914,0.0001,0.001,0.02,1.0502625424811565,350,7,30,0,736,6,19,0.7,3,0.5391799292661361
282,0.25,0.9651995905834186,0.8004711425206125,0.6505768465720727,0.5003295978905735,0.38511122345803844,0.40950896336710835,0.0001,0.0001,0.02,1.0508182332867464,450,4,10,0,801,6,13,0.7,1,0.5381023430592397
283,0.25,0.9641760491299898,0.7988221436984688,0.6487203288688503,0.503076246978686,0.3871334681496461,0.4096648480124708,0.01,0.01,0.02,1.0505775423604151,250,4,50,0,762,6,13,0.7,1,0.5386549513704686
284,0.3,0.9662231320368475,0.8063604240282686,0.6476594616098661,0.499780268072951,0.3858695652173913,0.41247077162899454,0.001,0.0001,0.02,1.0504864100352433,550,5,30,0,758,6,15,0.8,2,0.5387654730327144
285,0.25,0.9672466734902764,0.8051825677267374,0.6450072934624055,0.5051637002856515,0.3832153690596562,0.4169914263445051,0.0001,0.01,0.02,1.0503390099161733,550,4,50,0,990,6,11,0.8,3,0.5396772767462422
286,0.3,0.9692937563971341,0.8077738515901061,0.6412942580559607,0.507690617446715,0.38435288169868553,0.41574434918160563,0.001,0.01,0.02,1.050519849709003,250,7,50,0,820,6,13,0.7,1,0.5399259504862953
287,0.2,0.9580348004094166,0.8004711425206125,0.6454051186845245,0.508569545154911,0.3862487360970677,0.41091192517537023,0.0001,0.0001,0.03,1.05119258767057,450,5,10,0,475,6,21,0.7,1,0.5394009725906278
288,0.25,0.9682702149437052,0.8077738515901061,0.6406312160190956,0.510766864425401,0.38296258847320525,0.41153546375681993,0.01,0.001,0.02,1.050581734047493,250,7,40,0,868,6,11,0.7,1,0.5394838638373121
289,0.2,0.9662231320368475,0.7992932862190812,0.6452725102771516,0.5049439683586026,0.3894084934277047,0.4099766173031956,0.01,0.01,0.015,1.050603616115631,250,6,40,0,1121,6,11,0.9,1,0.5390694076038903
290,0.3,0.9723643807574207,0.7957597173144876,0.6512398886089378,0.49417710393320147,0.39332659251769464,0.4107560405300078,0.0001,0.0001,0.015,1.051951465511771,450,4,40,0,1500,6,5,0.9,3,0.5383510167992926
291,0.25,0.962128966223132,0.8138987043580683,0.6411616496485877,0.505273566249176,0.38549039433771487,0.414809041309431,0.001,0.001,0.015,1.0501056943248883,250,6,50,0,1185,6,17,0.8,1,0.5398983200707339
292,0.3,0.9651995905834186,0.8016489988221437,0.6526985810900411,0.4974730828389365,0.3886501516683519,0.413717848791894,0.0001,0.001,0.015,1.050320056686161,250,4,50,0,1087,6,11,0.7,2,0.5394838638373121
293,0.25,0.9539406345957011,0.806831566548881,0.6411616496485877,0.5036255767963085,0.3880182002022245,0.4129384255650818,0.0001,0.01,0.03,1.0506296064307545,250,7,20,0,472,6,19,0.7,1,0.5386549513704686
294,0.2,0.9590583418628454,0.8047114252061248,0.642487733722318,0.5034058448692595,0.3894084934277047,0.4084177708495713,0.01,0.01,0.02,1.0503755368674077,250,5,40,0,852,6,17,0.8,1,0.5382681255526083
295,0.25,0.9590583418628454,0.8054181389870436,0.6454051186845245,0.4985717424741815,0.3867542972699697,0.4121590023382697,0.0001,0.001,0.03,1.0501382205776664,250,5,20,0,547,6,19,0.8,2,0.5378260389036251
296,0.25,0.9651995905834186,0.8073027090694935,0.6385094815011272,0.508130081300813,0.38384732052578363,0.41402961808261884,0.0001,0.001,0.02,1.0506166828569334,350,7,50,0,820,6,13,0.7,3,0.5388759946949602
297,0.25,0.9692937563971341,0.806831566548881,0.642620342129691,0.5056031641397495,0.3858695652173913,0.4152766952455183,0.01,0.0001,0.02,1.0504695006042968,250,7,30,0,946,6,11,0.8,3,0.5398154288240495
298,0.25,0.9682702149437052,0.8075382803297998,0.6444768598329134,0.503955174686882,0.38561678463094035,0.41153546375681993,0.001,0.01,0.015,1.0501208503794206,250,6,40,0,1251,6,13,0.9,1,0.5391246684350133
299,0.2,0.9600818833162743,0.8075382803297998,0.6369181806126508,0.510766864425401,0.3804347826086957,0.4138737334372564,0.0001,0.01,0.015,1.0508255656289476,450,7,20,0,1089,6,15,0.7,2,0.5383233863837312
